stage,method,cv,n_subjects,fold,n_features,n_test_subjects,n_test_epochs,train_acc,test_acc,train_auc,test_auc
1,PSD sensorimotor,GroupKFold5,20,1,6,4,180,0.5625,0.5777777777777777,0.593869613532535,0.605877268798617
1,PSD sensorimotor,GroupKFold5,20,2,6,4,180,0.5791666666666667,0.5055555555555555,0.6163468142077767,0.557435770750988
1,PSD sensorimotor,GroupKFold5,20,3,6,4,180,0.5791666666666667,0.5722222222222222,0.607239050742813,0.5734567901234568
1,PSD sensorimotor,GroupKFold5,20,4,6,4,180,0.5555555555555556,0.5944444444444444,0.5689369091259888,0.6571604938271604
1,PSD sensorimotor,GroupKFold5,20,5,6,4,180,0.5777777777777777,0.5055555555555555,0.6188624210014584,0.498147233201581
1,PSD all channels,GroupKFold5,20,1,128,4,180,0.6958333333333333,0.5277777777777778,0.7620462402765773,0.5246326707000863
1,PSD all channels,GroupKFold5,20,2,128,4,180,0.6708333333333333,0.5444444444444444,0.739434065637274,0.5706521739130435
1,PSD all channels,GroupKFold5,20,3,128,4,180,0.6986111111111111,0.5111111111111111,0.7607486011962183,0.5302469135802469
1,PSD all channels,GroupKFold5,20,4,128,4,180,0.6708333333333333,0.5166666666666667,0.7249778120779471,0.5676543209876543
1,PSD all channels,GroupKFold5,20,5,128,4,180,0.7013888888888888,0.55,0.7638879243157317,0.5347084980237153
1,PSD sensorimotor,GroupKFold5,20,1,6,4,180,0.5625,0.5777777777777777,0.593869613532535,0.605877268798617
1,PSD sensorimotor,GroupKFold5,20,2,6,4,180,0.5791666666666667,0.5055555555555555,0.6163468142077767,0.557435770750988
1,PSD sensorimotor,GroupKFold5,20,3,6,4,180,0.5791666666666667,0.5722222222222222,0.607239050742813,0.5734567901234568
1,PSD sensorimotor,GroupKFold5,20,4,6,4,180,0.5555555555555556,0.5944444444444444,0.5689369091259888,0.6571604938271604
1,PSD sensorimotor,GroupKFold5,20,5,6,4,180,0.5777777777777777,0.5055555555555555,0.6188624210014584,0.498147233201581
1,PSD all channels,GroupKFold5,20,1,128,4,180,0.6958333333333333,0.5277777777777778,0.7620462402765773,0.5246326707000863
1,PSD all channels,GroupKFold5,20,2,128,4,180,0.6708333333333333,0.5444444444444444,0.739434065637274,0.5706521739130435
1,PSD all channels,GroupKFold5,20,3,128,4,180,0.6986111111111111,0.5111111111111111,0.7607486011962183,0.5302469135802469
1,PSD all channels,GroupKFold5,20,4,128,4,180,0.6708333333333333,0.5166666666666667,0.7249778120779471,0.5676543209876543
1,PSD all channels,GroupKFold5,20,5,128,4,180,0.7013888888888888,0.55,0.7638879243157317,0.5347084980237153
1,PSD sensorimotor,LOSO,106,1,6,1,45,0.560567556120288,0.4888888888888889,0.5776299453881318,0.5968379446640316
1,PSD sensorimotor,LOSO,106,2,6,1,45,0.5609911054637865,0.5111111111111111,0.5779928882573718,0.6284584980237153
1,PSD sensorimotor,LOSO,106,3,6,1,45,0.5620499788225328,0.4666666666666667,0.5792404931573697,0.4426877470355731
1,PSD sensorimotor,LOSO,106,4,6,1,45,0.560567556120288,0.5555555555555556,0.5775296561820491,0.6264822134387351
1,PSD sensorimotor,LOSO,106,5,6,1,45,0.5595086827615418,0.6444444444444445,0.5776180740149615,0.6488095238095238
1,PSD sensorimotor,LOSO,106,6,6,1,45,0.5609911054637865,0.5333333333333333,0.5796246484297141,0.3333333333333333
1,PSD sensorimotor,LOSO,106,7,6,1,45,0.5590851334180432,0.7777777777777778,0.5754370384723029,0.8616600790513834
1,PSD sensorimotor,LOSO,106,8,6,1,45,0.5607793307920372,0.5333333333333333,0.5781487689718949,0.5256916996047432
1,PSD sensorimotor,LOSO,106,9,6,1,45,0.5624735281660314,0.4222222222222222,0.5796632209175552,0.43253968253968256
1,PSD sensorimotor,LOSO,106,10,6,1,45,0.5607793307920372,0.5777777777777777,0.5784299777481596,0.5178571428571428
1,PSD sensorimotor,LOSO,106,11,6,1,45,0.5607793307920372,0.5777777777777777,0.5782948323250591,0.575098814229249
1,PSD sensorimotor,LOSO,106,12,6,1,45,0.5599322321050403,0.6,0.5776254298689294,0.621031746031746
1,PSD sensorimotor,LOSO,106,13,6,1,45,0.5603557814485387,0.5777777777777777,0.5772230475001257,0.6758893280632411
1,PSD sensorimotor,LOSO,106,14,6,1,45,0.5616264294790343,0.4666666666666667,0.578467938692861,0.47628458498023707
1,PSD sensorimotor,LOSO,106,15,6,1,45,0.559720457433291,0.6444444444444445,0.5773687269908933,0.6739130434782609
1,PSD sensorimotor,LOSO,106,16,6,1,45,0.5624735281660314,0.4222222222222222,0.5796251307671896,0.41106719367588934
1,PSD sensorimotor,LOSO,106,17,6,1,45,0.5601440067767895,0.5111111111111111,0.5785809884676383,0.5790513833992095
1,PSD sensorimotor,LOSO,106,18,6,1,45,0.5607793307920372,0.5777777777777777,0.5783558076779066,0.5968379446640316
1,PSD sensorimotor,LOSO,106,19,6,1,45,0.5609911054637865,0.5777777777777777,0.5781175769840757,0.5711462450592886
1,PSD sensorimotor,LOSO,106,20,6,1,45,0.5622617534942821,0.4888888888888889,0.5780917421975357,0.5296442687747036
1,PSD sensorimotor,LOSO,106,21,6,1,45,0.5599322321050403,0.6444444444444445,0.5773452835086827,0.7400793650793651
1,PSD sensorimotor,LOSO,106,22,6,1,45,0.5590851334180432,0.6222222222222222,0.5775956491013281,0.5573122529644269
1,PSD sensorimotor,LOSO,106,23,6,1,45,0.5595086827615418,0.4888888888888889,0.5783959954336663,0.5217391304347826
1,PSD sensorimotor,LOSO,106,24,6,1,45,0.560567556120288,0.6,0.5783088023564378,0.642292490118577
1,PSD sensorimotor,LOSO,106,25,6,1,45,0.5622617534942821,0.5333333333333333,0.5785506465294912,0.5395256916996047
1,PSD sensorimotor,LOSO,106,26,6,1,45,0.560567556120288,0.5333333333333333,0.5783180278299602,0.5734126984126984
1,PSD sensorimotor,LOSO,106,27,6,1,45,0.5607793307920372,0.5111111111111111,0.5785043811492174,0.507905138339921
1,PSD sensorimotor,LOSO,106,28,6,1,45,0.561414654807285,0.5333333333333333,0.5782368590972431,0.5553359683794467
1,PSD sensorimotor,LOSO,106,29,6,1,45,0.5586615840745447,0.8666666666666667,0.5742432560442636,0.9229249011857708
1,PSD sensorimotor,LOSO,106,30,6,1,45,0.5609911054637865,0.5777777777777777,0.5786147668759568,0.5515873015873015
1,PSD sensorimotor,LOSO,106,31,6,1,45,0.5590851334180432,0.7555555555555555,0.5766167901931829,0.8003952569169961
1,PSD sensorimotor,LOSO,106,32,6,1,45,0.5609911054637865,0.5777777777777777,0.5775350066884448,0.7281746031746031
1,PSD sensorimotor,LOSO,106,33,6,1,45,0.5603557814485387,0.6666666666666666,0.5763333620386517,0.7944664031620554
1,PSD sensorimotor,LOSO,106,34,6,1,45,0.5603557814485387,0.7333333333333333,0.5765710309964922,0.7757936507936508
1,PSD sensorimotor,LOSO,106,35,6,1,45,0.560567556120288,0.6,0.5773344286888906,0.6521739130434782
1,PSD sensorimotor,LOSO,106,36,6,1,45,0.5616264294790343,0.4888888888888889,0.5790820756815719,0.4683794466403163
1,PSD sensorimotor,LOSO,106,37,6,1,45,0.5622617534942821,0.4888888888888889,0.5791211866778618,0.5849802371541503
1,PSD sensorimotor,LOSO,106,38,6,1,45,0.5616264294790343,0.5111111111111111,0.5792627397791126,0.4624505928853755
1,PSD sensorimotor,LOSO,106,39,6,1,45,0.5624735281660314,0.4666666666666667,0.579323020947706,0.4920948616600791
1,PSD sensorimotor,LOSO,106,40,6,1,45,0.559720457433291,0.6222222222222222,0.577364566169674,0.5773809523809523
1,PSD sensorimotor,LOSO,106,41,6,1,45,0.560567556120288,0.6,0.577683106739403,0.5912698412698413
1,PSD sensorimotor,LOSO,106,42,6,1,45,0.5573909360440491,0.7555555555555555,0.5739966920453541,0.8636363636363636
1,PSD sensorimotor,LOSO,106,43,6,1,45,0.5576027107157984,0.6666666666666666,0.5773089840470194,0.7865612648221344
1,PSD sensorimotor,LOSO,106,44,6,1,45,0.5618382041507836,0.5555555555555556,0.5777355886079911,0.6126482213438735
1,PSD sensorimotor,LOSO,106,45,6,1,45,0.5612028801355358,0.4888888888888889,0.5788836501682849,0.5652173913043479
1,PSD sensorimotor,LOSO,106,46,6,1,45,0.561414654807285,0.5333333333333333,0.5783771807071555,0.642292490118577
1,PSD sensorimotor,LOSO,106,47,6,1,45,0.5633206268530284,0.4222222222222222,0.5797884469478487,0.29960317460317454
1,PSD sensorimotor,LOSO,106,48,6,1,45,0.561414654807285,0.4888888888888889,0.5787697056803061,0.5019762845849802
1,PSD sensorimotor,LOSO,106,49,6,1,45,0.5609911054637865,0.4888888888888889,0.5786206376886478,0.4703557312252965
1,PSD sensorimotor,LOSO,106,50,6,1,45,0.5601440067767895,0.4666666666666667,0.5788384392918398,0.45849802371541504
1,PSD sensorimotor,LOSO,106,51,6,1,45,0.561414654807285,0.5555555555555556,0.5784644238768364,0.501984126984127
1,PSD sensorimotor,LOSO,106,52,6,1,45,0.5599322321050403,0.7555555555555555,0.5765523049214368,0.7857142857142856
1,PSD sensorimotor,LOSO,106,53,6,1,45,0.5603557814485387,0.5777777777777777,0.5779846091660018,0.6679841897233202
1,PSD sensorimotor,LOSO,106,54,6,1,45,0.5599322321050403,0.6888888888888889,0.5749589155130717,0.8675889328063241
1,PSD sensorimotor,LOSO,106,55,6,1,45,0.5609911054637865,0.6444444444444445,0.5777000940099177,0.683794466403162
1,PSD sensorimotor,LOSO,106,56,6,1,45,0.5603557814485387,0.5777777777777777,0.5773982985150086,0.6877470355731226
1,PSD sensorimotor,LOSO,106,57,6,1,45,0.5603557814485387,0.6222222222222222,0.5775071085506953,0.5714285714285714
1,PSD sensorimotor,LOSO,106,58,6,1,45,0.5607793307920372,0.6,0.5786536981776385,0.5317460317460317
1,PSD sensorimotor,LOSO,106,59,6,1,45,0.5626853028377806,0.5111111111111111,0.5787878945539415,0.39682539682539686
1,PSD sensorimotor,LOSO,106,60,6,1,45,0.5599322321050403,0.7555555555555555,0.5754696907719579,0.8142292490118577
1,PSD sensorimotor,LOSO,106,61,6,1,45,0.5603557814485387,0.5333333333333333,0.5785619493357986,0.47035573122529645
1,PSD sensorimotor,LOSO,106,62,6,1,45,0.5609911054637865,0.5555555555555556,0.5777183936503836,0.6442687747035573
1,PSD sensorimotor,LOSO,106,63,6,1,45,0.5607793307920372,0.4888888888888889,0.578202771268697,0.49209486166007904
1,PSD sensorimotor,LOSO,106,64,6,1,45,0.5603557814485387,0.6666666666666666,0.5777506871335587,0.6739130434782609
1,PSD sensorimotor,LOSO,106,65,6,1,45,0.5601440067767895,0.6666666666666666,0.5781169126724258,0.6984126984126984
1,PSD sensorimotor,LOSO,106,66,6,1,45,0.5641677255400254,0.37777777777777777,0.5803172930962998,0.32806324110671936
1,PSD sensorimotor,LOSO,106,67,6,1,45,0.5628970775095299,0.4444444444444444,0.5796556304032573,0.46047430830039526
1,PSD sensorimotor,LOSO,106,68,6,1,45,0.5622617534942821,0.4666666666666667,0.5785370113980728,0.5592885375494071
1,PSD sensorimotor,LOSO,106,69,6,1,45,0.561414654807285,0.6,0.5775934032793073,0.6765873015873016
1,PSD sensorimotor,LOSO,106,70,6,1,45,0.5620499788225328,0.4,0.5791098663272716,0.4150197628458498
1,PSD sensorimotor,LOSO,106,71,6,1,45,0.5620499788225328,0.4222222222222222,0.5786313808602583,0.5256916996047432
1,PSD sensorimotor,LOSO,106,72,6,1,45,0.5590851334180432,0.8666666666666667,0.5734699453895047,0.9090909090909092
1,PSD sensorimotor,LOSO,106,73,6,1,45,0.5607793307920372,0.6666666666666666,0.5773506067586671,0.6778656126482214
1,PSD sensorimotor,LOSO,106,74,6,1,45,0.5607793307920372,0.5111111111111111,0.5782294008113856,0.5674603174603174
1,PSD sensorimotor,LOSO,106,75,6,1,45,0.5607793307920372,0.6,0.5773791016852483,0.709486166007905
1,PSD sensorimotor,LOSO,106,76,6,1,45,0.559720457433291,0.6,0.5774855217550432,0.6877470355731226
1,PSD sensorimotor,LOSO,106,77,6,1,45,0.5628970775095299,0.4222222222222222,0.5788099017688496,0.46031746031746035
1,PSD sensorimotor,LOSO,106,78,6,1,45,0.561414654807285,0.4888888888888889,0.5790865608875685,0.4169960474308301
1,PSD sensorimotor,LOSO,106,79,6,1,45,0.5624735281660314,0.5555555555555556,0.578112169408614,0.5909090909090909
1,PSD sensorimotor,LOSO,106,80,6,1,45,0.5616264294790343,0.4888888888888889,0.5790305855167316,0.38735177865612647
1,PSD sensorimotor,LOSO,106,81,6,1,45,0.5612028801355358,0.4666666666666667,0.5786730038930095,0.4387351778656126
1,PSD sensorimotor,LOSO,106,82,6,1,45,0.5609911054637865,0.5333333333333333,0.5790130035092251,0.47430830039525695
1,PSD sensorimotor,LOSO,106,83,6,1,45,0.5622617534942821,0.6,0.5781566629953477,0.5770750988142292
1,PSD sensorimotor,LOSO,106,84,6,1,45,0.5609911054637865,0.6222222222222222,0.5769257680466748,0.6600790513833992
1,PSD sensorimotor,LOSO,106,85,6,1,45,0.5599322321050403,0.7111111111111111,0.5761455216115166,0.8320158102766799
1,PSD sensorimotor,LOSO,106,86,6,1,45,0.560567556120288,0.5555555555555556,0.5784688357409805,0.575098814229249
1,PSD sensorimotor,LOSO,106,87,6,1,45,0.5609911054637865,0.5333333333333333,0.5783724927729318,0.49011857707509876
1,PSD sensorimotor,LOSO,106,89,6,1,45,0.5612028801355358,0.5111111111111111,0.5784089871384973,0.5476190476190476
1,PSD sensorimotor,LOSO,106,90,6,1,45,0.560567556120288,0.5111111111111111,0.5785798902981913,0.5138339920948616
1,PSD sensorimotor,LOSO,106,91,6,1,45,0.5618382041507836,0.5555555555555556,0.5785142263758342,0.5474308300395258
1,PSD sensorimotor,LOSO,106,93,6,1,45,0.5603557814485387,0.7111111111111111,0.5763844933870123,0.650197628458498
1,PSD sensorimotor,LOSO,106,94,6,1,45,0.5603557814485387,0.6,0.5769106631571752,0.6778656126482213
1,PSD sensorimotor,LOSO,106,95,6,1,45,0.5609911054637865,0.4666666666666667,0.5791594006329522,0.4525691699604743
1,PSD sensorimotor,LOSO,106,96,6,1,45,0.5633206268530284,0.4,0.5800471126037877,0.3517786561264822
1,PSD sensorimotor,LOSO,106,97,6,1,45,0.5601440067767895,0.6666666666666666,0.5770400510954666,0.7391304347826086
1,PSD sensorimotor,LOSO,106,98,6,1,45,0.561414654807285,0.5555555555555556,0.5790582143856703,0.5
1,PSD sensorimotor,LOSO,106,99,6,1,45,0.561414654807285,0.5111111111111111,0.5785804285270633,0.6067193675889329
1,PSD sensorimotor,LOSO,106,101,6,1,45,0.5622617534942821,0.4666666666666667,0.5790741638121101,0.35375494071146246
1,PSD sensorimotor,LOSO,106,102,6,1,45,0.560567556120288,0.5111111111111111,0.5788391372047658,0.47430830039525695
1,PSD sensorimotor,LOSO,106,103,6,1,45,0.560567556120288,0.5777777777777777,0.577561740682406,0.5770750988142292
1,PSD sensorimotor,LOSO,106,104,6,1,42,0.5627513227513228,0.42857142857142855,0.5796750513891556,0.36507936507936506
1,PSD sensorimotor,LOSO,106,105,6,1,45,0.5612028801355358,0.4888888888888889,0.5780181848191923,0.549407114624506
1,PSD sensorimotor,LOSO,106,106,6,1,45,0.5612028801355358,0.5333333333333333,0.578709673136738,0.5158730158730159
1,PSD sensorimotor,LOSO,106,107,6,1,45,0.560567556120288,0.5333333333333333,0.5782780200867577,0.503968253968254
1,PSD sensorimotor,LOSO,106,108,6,1,45,0.5607793307920372,0.6,0.5774340010301701,0.7094861660079052
1,PSD sensorimotor,LOSO,106,109,6,1,45,0.5633206268530284,0.4888888888888889,0.5936223958893985,0.5434782608695652
1,PSD all channels,LOSO,106,1,128,1,45,0.5969927996611605,0.6444444444444445,0.6452919689695509,0.7529644268774704
1,PSD all channels,LOSO,106,2,128,1,45,0.5986869970351546,0.6,0.6457462306328805,0.7312252964426877
1,PSD all channels,LOSO,106,3,128,1,45,0.5995340957221517,0.4444444444444444,0.6482566901332645,0.3814229249011858
1,PSD all channels,LOSO,106,4,128,1,45,0.5925455315544261,0.5111111111111111,0.6457042491047529,0.6541501976284585
1,PSD all channels,LOSO,106,5,128,1,45,0.6016518424396442,0.5333333333333333,0.6472166525051528,0.6507936507936508
1,PSD all channels,LOSO,106,6,128,1,45,0.6014400677678949,0.4888888888888889,0.6480653385650784,0.3849206349206349
1,PSD all channels,LOSO,106,7,128,1,45,0.5972045743329097,0.7777777777777778,0.6437364995299504,0.883399209486166
1,PSD all channels,LOSO,106,8,128,1,45,0.595722151630665,0.5777777777777777,0.6462078098085753,0.6284584980237155
1,PSD all channels,LOSO,106,9,128,1,45,0.6016518424396442,0.4222222222222222,0.6476898398811178,0.47619047619047616
1,PSD all channels,LOSO,106,10,128,1,45,0.6016518424396442,0.4222222222222222,0.6481500186314088,0.3888888888888889
1,PSD all channels,LOSO,106,11,128,1,45,0.5978398983481575,0.5333333333333333,0.6465862200119128,0.6719367588932806
1,PSD all channels,LOSO,106,12,128,1,45,0.5978398983481575,0.6,0.6469378476986583,0.6111111111111112
1,PSD all channels,LOSO,106,13,128,1,45,0.5997458703939009,0.6444444444444445,0.6456820024830101,0.66600790513834
1,PSD all channels,LOSO,106,14,128,1,45,0.5997458703939009,0.4888888888888889,0.6472573561085478,0.5296442687747036
1,PSD all channels,LOSO,106,15,128,1,45,0.6029224904701398,0.5777777777777777,0.6469924002669595,0.6679841897233202
1,PSD all channels,LOSO,106,16,128,1,45,0.5993223210504024,0.5333333333333333,0.6479179423438468,0.4565217391304348
1,PSD all channels,LOSO,106,17,128,1,45,0.5972045743329097,0.5111111111111111,0.6465478266485822,0.6146245059288538
1,PSD all channels,LOSO,106,18,128,1,45,0.5972045743329097,0.5333333333333333,0.646437274717578,0.5810276679841897
1,PSD all channels,LOSO,106,19,128,1,45,0.5950868276154172,0.6666666666666666,0.6455237644154521,0.7312252964426877
1,PSD all channels,LOSO,106,20,128,1,45,0.5965692503176621,0.4444444444444444,0.647204460806476,0.4762845849802372
1,PSD all channels,LOSO,106,21,128,1,45,0.5972045743329097,0.5111111111111111,0.6465798492658938,0.6388888888888888
1,PSD all channels,LOSO,106,22,128,1,45,0.5972045743329097,0.5555555555555556,0.6465506615998997,0.5830039525691699
1,PSD all channels,LOSO,106,23,128,1,45,0.5993223210504024,0.5555555555555556,0.6463294495335978,0.6086956521739131
1,PSD all channels,LOSO,106,24,128,1,45,0.6018636171113935,0.5777777777777777,0.645928469024121,0.6561264822134387
1,PSD all channels,LOSO,106,25,128,1,45,0.6012282930961457,0.4444444444444444,0.6474787475844737,0.4841897233201581
1,PSD all channels,LOSO,106,26,128,1,45,0.5959339263024143,0.6666666666666666,0.6457796944018401,0.7003968253968254
1,PSD all channels,LOSO,106,27,128,1,45,0.6008047437526471,0.5333333333333333,0.6477207977207977,0.4782608695652174
1,PSD all channels,LOSO,106,28,128,1,45,0.6003811944091486,0.4888888888888889,0.6476845304231179,0.46047430830039526
1,PSD all channels,LOSO,106,29,128,1,45,0.5991105463786531,0.6888888888888889,0.6440285761444452,0.8774703557312253
1,PSD all channels,LOSO,106,30,128,1,45,0.5961457009741635,0.5333333333333333,0.6468954260385105,0.5853174603174602
1,PSD all channels,LOSO,106,31,128,1,45,0.5963574756459128,0.7777777777777778,0.644298353181121,0.8873517786561266
1,PSD all channels,LOSO,106,32,128,1,45,0.5963574756459128,0.6,0.6450438050074347,0.7619047619047619
1,PSD all channels,LOSO,106,33,128,1,45,0.5984752223634053,0.6222222222222222,0.6468149655177363,0.7391304347826088
1,PSD all channels,LOSO,106,34,128,1,45,0.5965692503176621,0.5777777777777777,0.6461353419718568,0.6646825396825397
1,PSD all channels,LOSO,106,35,128,1,45,0.5965692503176621,0.6666666666666666,0.6454919654091068,0.683794466403162
1,PSD all channels,LOSO,106,36,128,1,45,0.595722151630665,0.6888888888888889,0.6458316289550546,0.66600790513834
1,PSD all channels,LOSO,106,37,128,1,45,0.5969927996611605,0.5333333333333333,0.646467810573604,0.5711462450592886
1,PSD all channels,LOSO,106,38,128,1,45,0.6005929690808979,0.4888888888888889,0.6474297975557421,0.5
1,PSD all channels,LOSO,106,39,128,1,45,0.597416349004659,0.5111111111111111,0.647304211787839,0.4861660079051384
1,PSD all channels,LOSO,106,40,128,1,45,0.6018636171113935,0.5333333333333333,0.64766230960897,0.5535714285714286
1,PSD all channels,LOSO,106,41,128,1,45,0.5982634476916561,0.6444444444444445,0.6461826423445901,0.6547619047619048
1,PSD all channels,LOSO,106,42,128,1,45,0.5972045743329097,0.5555555555555556,0.6463577962541783,0.800395256916996
1,PSD all channels,LOSO,106,43,128,1,45,0.5948750529436679,0.5333333333333333,0.646151513846728,0.6936758893280632
1,PSD all channels,LOSO,106,44,128,1,45,0.5972045743329097,0.6,0.6456973894285032,0.7094861660079052
1,PSD all channels,LOSO,106,45,128,1,45,0.5993223210504024,0.5333333333333333,0.6470063941096686,0.5948616600790514
1,PSD all channels,LOSO,106,46,128,1,45,0.5997458703939009,0.4888888888888889,0.6471242653232577,0.5711462450592887
1,PSD all channels,LOSO,106,47,128,1,45,0.5978398983481575,0.3111111111111111,0.6483703303294036,0.33333333333333337
1,PSD all channels,LOSO,106,48,128,1,45,0.5980516730199068,0.6666666666666666,0.6458549110783111,0.6857707509881423
1,PSD all channels,LOSO,106,49,128,1,45,0.5993223210504024,0.6,0.6456642410672637,0.7114624505928854
1,PSD all channels,LOSO,106,50,128,1,45,0.5999576450656502,0.5111111111111111,0.6477184654136794,0.5474308300395259
1,PSD all channels,LOSO,106,51,128,1,45,0.5997458703939009,0.5333333333333333,0.6469483510799668,0.5535714285714286
1,PSD all channels,LOSO,106,52,128,1,45,0.5988987717069039,0.4888888888888889,0.6470274695317713,0.5436507936507936
1,PSD all channels,LOSO,106,53,128,1,45,0.595722151630665,0.6888888888888889,0.6448717463391915,0.7549407114624507
1,PSD all channels,LOSO,106,54,128,1,45,0.5936044049131723,0.7333333333333333,0.6435649852526426,0.8972332015810277
1,PSD all channels,LOSO,106,55,128,1,45,0.5986869970351546,0.6222222222222222,0.6454886004004392,0.7312252964426877
1,PSD all channels,LOSO,106,56,128,1,45,0.5980516730199068,0.6888888888888889,0.6450879349360233,0.7865612648221344
1,PSD all channels,LOSO,106,57,128,1,45,0.5961457009741635,0.6444444444444445,0.6457935087346951,0.6944444444444444
1,PSD all channels,LOSO,106,58,128,1,45,0.5946632782719187,0.6,0.6464757932521827,0.5912698412698413
1,PSD all channels,LOSO,106,59,128,1,45,0.5995340957221517,0.5333333333333333,0.6485585281886844,0.4146825396825397
1,PSD all channels,LOSO,106,60,128,1,45,0.5978398983481575,0.5555555555555556,0.6460078078465988,0.7312252964426877
1,PSD all channels,LOSO,106,61,128,1,45,0.6016518424396442,0.5333333333333333,0.6471611925501229,0.6067193675889327
1,PSD all channels,LOSO,106,62,128,1,45,0.5997458703939009,0.6,0.6467213144165285,0.6067193675889329
1,PSD all channels,LOSO,106,63,128,1,45,0.5993223210504024,0.4888888888888889,0.6471335634680382,0.616600790513834
1,PSD all channels,LOSO,106,64,128,1,45,0.5965692503176621,0.5777777777777777,0.6460892591874959,0.6442687747035573
1,PSD all channels,LOSO,106,65,128,1,45,0.5976281236764083,0.6666666666666666,0.6458611451436072,0.6825396825396826
1,PSD all channels,LOSO,106,66,128,1,45,0.6014400677678949,0.4222222222222222,0.6480072883365624,0.4703557312252964
1,PSD all channels,LOSO,106,67,128,1,45,0.6003811944091486,0.5333333333333333,0.6478599930353185,0.48221343873517786
1,PSD all channels,LOSO,106,68,128,1,45,0.5972045743329097,0.5111111111111111,0.6463283730758542,0.6245059288537549
1,PSD all channels,LOSO,106,69,128,1,45,0.6014400677678949,0.4444444444444444,0.6490111718483272,0.4305555555555555
1,PSD all channels,LOSO,106,70,128,1,45,0.597416349004659,0.6,0.6465316441797635,0.616600790513834
1,PSD all channels,LOSO,106,71,128,1,45,0.5978398983481575,0.5555555555555556,0.6468969221740786,0.6086956521739131
1,PSD all channels,LOSO,106,72,128,1,45,0.5946632782719187,0.8444444444444444,0.6434388016728871,0.899209486166008
1,PSD all channels,LOSO,106,73,128,1,45,0.5980516730199068,0.37777777777777777,0.6474136508141546,0.4920948616600791
1,PSD all channels,LOSO,106,74,128,1,45,0.5982634476916561,0.6,0.6462526110434648,0.6448412698412698
1,PSD all channels,LOSO,106,75,128,1,45,0.5969927996611605,0.5111111111111111,0.6474774917171061,0.6798418972332015
1,PSD all channels,LOSO,106,76,128,1,45,0.5986869970351546,0.5555555555555556,0.6473348905968552,0.5375494071146245
1,PSD all channels,LOSO,106,77,128,1,45,0.5961457009741635,0.5111111111111111,0.6477136211756735,0.48015873015873023
1,PSD all channels,LOSO,106,78,128,1,45,0.6005929690808979,0.4888888888888889,0.6476501108742923,0.46640316205533594
1,PSD all channels,LOSO,106,79,128,1,45,0.6003811944091486,0.4888888888888889,0.6481147547012946,0.4426877470355731
1,PSD all channels,LOSO,106,80,128,1,45,0.6012282930961457,0.5111111111111111,0.6473408110687708,0.4782608695652174
1,PSD all channels,LOSO,106,81,128,1,45,0.597416349004659,0.5555555555555556,0.646734018235553,0.5988142292490118
1,PSD all channels,LOSO,106,82,128,1,45,0.5984752223634053,0.5111111111111111,0.6468553323717052,0.5711462450592886
1,PSD all channels,LOSO,106,83,128,1,45,0.5993223210504024,0.5111111111111111,0.6478772163592155,0.6264822134387352
1,PSD all channels,LOSO,106,84,128,1,45,0.5999576450656502,0.5555555555555556,0.6463915620716628,0.6442687747035574
1,PSD all channels,LOSO,106,85,128,1,45,0.595722151630665,0.7777777777777778,0.6431787193122206,0.8735177865612648
1,PSD all channels,LOSO,106,86,128,1,45,0.5995340957221517,0.5111111111111111,0.6474649330434312,0.4901185770750988
1,PSD all channels,LOSO,106,87,128,1,45,0.5967810249894112,0.6222222222222222,0.6462732943213086,0.6205533596837944
1,PSD all channels,LOSO,106,89,128,1,45,0.5942397289284201,0.5333333333333333,0.6465235154929536,0.5694444444444444
1,PSD all channels,LOSO,106,90,128,1,45,0.5980516730199068,0.6222222222222222,0.6465018621821915,0.6541501976284585
1,PSD all channels,LOSO,106,91,128,1,45,0.5952986022871665,0.5777777777777777,0.6466127373297783,0.616600790513834
1,PSD all channels,LOSO,106,93,128,1,45,0.5982634476916561,0.6,0.6461362641463397,0.6739130434782609
1,PSD all channels,LOSO,106,94,128,1,45,0.5980516730199068,0.6222222222222222,0.6461774895821317,0.6976284584980237
1,PSD all channels,LOSO,106,95,128,1,45,0.5993223210504024,0.5111111111111111,0.647334172963896,0.5197628458498025
1,PSD all channels,LOSO,106,96,128,1,45,0.5965692503176621,0.5333333333333333,0.6477356886047063,0.4525691699604743
1,PSD all channels,LOSO,106,97,128,1,45,0.5995340957221517,0.6888888888888889,0.6446164969464718,0.7687747035573124
1,PSD all channels,LOSO,106,98,128,1,45,0.5993223210504024,0.4888888888888889,0.647221325181023,0.5138339920948617
1,PSD all channels,LOSO,106,99,128,1,45,0.5986869970351546,0.5777777777777777,0.6472178859912838,0.5158102766798419
1,PSD all channels,LOSO,106,101,128,1,45,0.6012282930961457,0.5111111111111111,0.6471312311429271,0.47826086956521735
1,PSD all channels,LOSO,106,102,128,1,45,0.5963574756459128,0.5555555555555556,0.6468479433467467,0.541501976284585
1,PSD all channels,LOSO,106,103,128,1,45,0.5995340957221517,0.6444444444444445,0.6463895517576133,0.6363636363636364
1,PSD all channels,LOSO,106,104,128,1,42,0.5972486772486773,0.47619047619047616,0.6468945038688796,0.5170068027210885
1,PSD all channels,LOSO,106,105,128,1,45,0.5991105463786531,0.4888888888888889,0.6459783848952616,0.6482213438735178
1,PSD all channels,LOSO,106,106,128,1,45,0.5980516730199068,0.5333333333333333,0.6474837013298179,0.5476190476190477
1,PSD all channels,LOSO,106,107,128,1,45,0.5980516730199068,0.6,0.6465511441586632,0.5952380952380953
1,PSD all channels,LOSO,106,108,128,1,45,0.5982634476916561,0.5777777777777777,0.6458886400876093,0.6818181818181818
1,PSD all channels,LOSO,106,109,128,1,45,0.6005929690808979,0.4888888888888889,0.6500877306292924,0.5039525691699605
1,PSD sensorimotor,GroupKFold5,106,1,6,22,987,0.5693121693121693,0.5511651469098278,0.5960452167213173,0.5697326818051164
1,PSD sensorimotor,GroupKFold5,106,2,6,21,945,0.5567765567765568,0.5544973544973545,0.5718487320167649,0.5869074390975961
1,PSD sensorimotor,GroupKFold5,106,3,6,21,945,0.5620094191522763,0.526984126984127,0.5822770146869987,0.5497258604934511
1,PSD sensorimotor,GroupKFold5,106,4,6,21,945,0.5504971219256933,0.562962962962963,0.5682426583333356,0.5751162353194119
1,PSD sensorimotor,GroupKFold5,106,5,6,21,945,0.5648874934589221,0.5396825396825397,0.5810418363923899,0.5434498207885304
1,PSD occipital,GroupKFold5,106,1,6,22,987,0.532010582010582,0.5309017223910841,0.5420309112329552,0.5530160555167741
1,PSD occipital,GroupKFold5,106,2,6,21,945,0.5306122448979592,0.5216931216931217,0.5414593069188987,0.5394801680807791
1,PSD occipital,GroupKFold5,106,3,6,21,945,0.532705389848247,0.5333333333333333,0.5477425356631632,0.5228315206679687
1,PSD occipital,GroupKFold5,106,4,6,21,945,0.5368916797488226,0.5100529100529101,0.5537256940327058,0.49919374344916545
1,PSD occipital,GroupKFold5,106,5,6,21,945,0.5269492412349556,0.5470899470899471,0.5346829238236724,0.5682706093189964
1,PSD frontal,GroupKFold5,106,1,4,22,987,0.5259259259259259,0.5309017223910841,0.5409065406117293,0.538783722744631
1,PSD frontal,GroupKFold5,106,2,4,21,945,0.5300889586603872,0.5280423280423281,0.5356518191016975,0.5534928726940411
1,PSD frontal,GroupKFold5,106,3,4,21,945,0.5290423861852434,0.5312169312169313,0.5397876600292968,0.5433113543925032
1,PSD frontal,GroupKFold5,106,4,4,21,945,0.5303506017791733,0.526984126984127,0.5433801421380297,0.5288147132862121
1,PSD frontal,GroupKFold5,106,5,4,21,945,0.531920460491889,0.5174603174603175,0.5419551034100323,0.5326209677419356
1,PSD sensorimotor,GroupKFold5,106,1,6,22,987,0.5693121693121693,0.5511651469098278,0.5960452167213173,0.5697326818051164
1,PSD sensorimotor,GroupKFold5,106,2,6,21,945,0.5567765567765568,0.5544973544973545,0.5718487320167649,0.5869074390975961
1,PSD sensorimotor,GroupKFold5,106,3,6,21,945,0.5620094191522763,0.526984126984127,0.5822770146869987,0.5497258604934511
1,PSD sensorimotor,GroupKFold5,106,4,6,21,945,0.5504971219256933,0.562962962962963,0.5682426583333356,0.5751162353194119
1,PSD sensorimotor,GroupKFold5,106,5,6,21,945,0.5648874934589221,0.5396825396825397,0.5810418363923899,0.5434498207885304
1,PSD all channels,GroupKFold5,106,1,128,22,987,0.6113756613756614,0.5460992907801419,0.6554977131824616,0.587266455878126
1,PSD all channels,GroupKFold5,106,2,128,21,945,0.6004709576138147,0.5767195767195767,0.6484431074592002,0.6100454248161056
1,PSD all channels,GroupKFold5,106,3,128,21,945,0.6064887493458923,0.5301587301587302,0.6578171139914948,0.5698070272885274
1,PSD all channels,GroupKFold5,106,4,128,21,945,0.6067503924646782,0.5619047619047619,0.651621064208586,0.5976914187427773
1,PSD all channels,GroupKFold5,106,5,128,21,945,0.6025641025641025,0.5608465608465608,0.6547283817921667,0.5735259856630824
1,PSD sensorimotor,StratifiedKFold5,106,1,6,106,954,0.5559926567007606,0.5566037735849056,0.5783521844929997,0.5678093119953586
1,PSD sensorimotor,StratifiedKFold5,106,2,6,106,954,0.5633359559402046,0.5534591194968553,0.5803552463160722,0.5732639453569686
1,PSD sensorimotor,StratifiedKFold5,106,3,6,106,953,0.5634504457262717,0.5435466946484785,0.5851579601579602,0.5516138694104795
1,PSD sensorimotor,StratifiedKFold5,106,4,6,106,953,0.5555846879916099,0.5750262329485835,0.5786852786852786,0.595893970893971
1,PSD sensorimotor,StratifiedKFold5,106,5,6,106,953,0.5508652333508128,0.5603357817418678,0.5705834955834955,0.5798389654321858
1,PSD all channels,StratifiedKFold5,106,1,128,106,954,0.6089693154996066,0.5765199161425576,0.6495469998646282,0.6048929072184885
1,PSD all channels,StratifiedKFold5,106,2,128,106,954,0.6045108838185156,0.5660377358490566,0.6485853651020406,0.5942957105747804
1,PSD all channels,StratifiedKFold5,106,3,128,106,953,0.6074986890403775,0.5414480587618048,0.657901582901583,0.5689990838295923
1,PSD all channels,StratifiedKFold5,106,4,128,106,953,0.6012060828526481,0.5676810073452256,0.6547154297154298,0.5818518975298635
1,PSD all channels,StratifiedKFold5,106,5,128,106,953,0.6077608809648662,0.5508919202518363,0.6549805299805299,0.5767997462912717
1,PSD exec->exec,GroupKFold5,106,1,6,22,990,0.5796144705571693,0.5757575757575758,0.5987200105317707,0.5922212788191495
1,PSD exec->imag,GroupKFold5,106,1,6,22,987,0.5796144705571693,0.5521783181357649,0.5987200105317707,0.5555350204939914
1,PSD exec->exec,GroupKFold5,106,2,6,21,945,0.5579331941544885,0.5492063492063493,0.5793311041344602,0.5642687569988802
1,PSD exec->imag,GroupKFold5,106,2,6,21,945,0.5579331941544885,0.5481481481481482,0.5793311041344602,0.5723986562150056
1,PSD exec->exec,GroupKFold5,106,3,6,21,945,0.5566283924843424,0.5513227513227513,0.5722659335798022,0.596776505581537
1,PSD exec->imag,GroupKFold5,106,3,6,21,945,0.5566283924843424,0.5619047619047619,0.5722659335798022,0.5630913978494624
1,PSD exec->exec,GroupKFold5,106,4,6,21,952,0.5605228758169934,0.5346638655462185,0.5841804860417339,0.5493997175141243
1,PSD exec->imag,GroupKFold5,106,4,6,21,945,0.5605228758169934,0.5164021164021164,0.5841804860417339,0.5464066223504327
1,PSD exec->exec,GroupKFold5,106,5,6,21,945,0.5451461377870563,0.5724867724867725,0.5687595664542195,0.5848137099447266
1,PSD exec->imag,GroupKFold5,106,5,6,21,945,0.5451461377870563,0.5724867724867725,0.5687595664542195,0.5841500340416383
1,PSD sensorimotor,within-subject StratifiedKFold5,106,1,6,1,45,0.7611111111111111,0.711111111111111,0.7985341895042618,0.6900000000000001
1,PSD sensorimotor,within-subject StratifiedKFold5,106,2,6,1,45,0.6611111111111111,0.5999999999999999,0.778150441463135,0.64
1,PSD sensorimotor,within-subject StratifiedKFold5,106,3,6,1,45,0.6722222222222222,0.5333333333333333,0.7503401750563773,0.47000000000000003
1,PSD sensorimotor,within-subject StratifiedKFold5,106,4,6,1,45,0.6499999999999999,0.4888888888888888,0.7250143332186676,0.55
1,PSD sensorimotor,within-subject StratifiedKFold5,106,5,6,1,45,0.611111111111111,0.5333333333333334,0.6886184210526315,0.44000000000000006
1,PSD sensorimotor,within-subject StratifiedKFold5,106,6,6,1,45,0.6833333333333333,0.48888888888888893,0.7432178792569659,0.38
1,PSD sensorimotor,within-subject StratifiedKFold5,106,7,6,1,45,0.85,0.7555555555555555,0.8955146581049573,0.86
1,PSD sensorimotor,within-subject StratifiedKFold5,106,8,6,1,45,0.6666666666666666,0.6666666666666666,0.7045923632610939,0.5900000000000001
1,PSD sensorimotor,within-subject StratifiedKFold5,106,9,6,1,45,0.6444444444444444,0.48888888888888893,0.7487441950464396,0.53
1,PSD sensorimotor,within-subject StratifiedKFold5,106,10,6,1,45,0.5888888888888888,0.3777777777777777,0.644562693498452,0.35
1,PSD sensorimotor,within-subject StratifiedKFold5,106,11,6,1,45,0.6111111111111112,0.39999999999999997,0.6792168329320033,0.32999999999999996
1,PSD sensorimotor,within-subject StratifiedKFold5,106,12,6,1,45,0.7,0.6222222222222223,0.7581075851393189,0.6000000000000001
1,PSD sensorimotor,within-subject StratifiedKFold5,106,13,6,1,45,0.7722222222222223,0.6888888888888889,0.8529067767457861,0.78
1,PSD sensorimotor,within-subject StratifiedKFold5,106,14,6,1,45,0.7277777777777776,0.5777777777777777,0.7737721209341437,0.62
1,PSD sensorimotor,within-subject StratifiedKFold5,106,15,6,1,45,0.7111111111111111,0.6,0.7669877307648206,0.57
1,PSD sensorimotor,within-subject StratifiedKFold5,106,16,6,1,45,0.7055555555555555,0.6888888888888889,0.7688453159041394,0.7500000000000001
1,PSD sensorimotor,within-subject StratifiedKFold5,106,17,6,1,45,0.6777777777777778,0.5333333333333332,0.7132534495279593,0.45999999999999996
1,PSD sensorimotor,within-subject StratifiedKFold5,106,18,6,1,45,0.6888888888888889,0.5777777777777777,0.7256029507319497,0.53
1,PSD sensorimotor,within-subject StratifiedKFold5,106,19,6,1,45,0.6333333333333333,0.5333333333333334,0.6816840576386499,0.48
1,PSD sensorimotor,within-subject StratifiedKFold5,106,20,6,1,45,0.6888888888888889,0.5555555555555556,0.7552402247448687,0.49000000000000005
1,PSD sensorimotor,within-subject StratifiedKFold5,106,21,6,1,45,0.7055555555555555,0.5333333333333334,0.8255882352941176,0.64
1,PSD sensorimotor,within-subject StratifiedKFold5,106,22,6,1,45,0.6277777777777777,0.3777777777777777,0.6767954745250926,0.36
1,PSD sensorimotor,within-subject StratifiedKFold5,106,23,6,1,45,0.7,0.6222222222222222,0.7428639681993656,0.63
1,PSD sensorimotor,within-subject StratifiedKFold5,106,24,6,1,45,0.6833333333333333,0.5333333333333334,0.7188185605626266,0.5599999999999999
1,PSD sensorimotor,within-subject StratifiedKFold5,106,25,6,1,45,0.6666666666666666,0.5555555555555556,0.7496770248060238,0.58
1,PSD sensorimotor,within-subject StratifiedKFold5,106,26,6,1,45,0.638888888888889,0.5111111111111111,0.6804760061919504,0.54
1,PSD sensorimotor,within-subject StratifiedKFold5,106,27,6,1,45,0.6222222222222221,0.5555555555555556,0.7181706990788518,0.59
1,PSD sensorimotor,within-subject StratifiedKFold5,106,28,6,1,45,0.5833333333333333,0.4222222222222222,0.6248767343194588,0.43
1,PSD sensorimotor,within-subject StratifiedKFold5,106,29,6,1,45,0.9166666666666666,0.9111111111111111,0.9715590719718687,0.9400000000000001
1,PSD sensorimotor,within-subject StratifiedKFold5,106,30,6,1,45,0.611111111111111,0.31111111111111106,0.6655746904024769,0.31000000000000005
1,PSD sensorimotor,within-subject StratifiedKFold5,106,31,6,1,45,0.8,0.7777777777777778,0.832500095554791,0.74
1,PSD sensorimotor,within-subject StratifiedKFold5,106,32,6,1,45,0.7388888888888888,0.5999999999999999,0.818233359133127,0.65
1,PSD sensorimotor,within-subject StratifiedKFold5,106,33,6,1,45,0.8166666666666668,0.6888888888888889,0.9276994228490615,0.85
1,PSD sensorimotor,within-subject StratifiedKFold5,106,34,6,1,45,0.7944444444444445,0.6666666666666666,0.8524864551083591,0.74
1,PSD sensorimotor,within-subject StratifiedKFold5,106,35,6,1,45,0.6722222222222222,0.5111111111111111,0.7367045063639491,0.66
1,PSD sensorimotor,within-subject StratifiedKFold5,106,36,6,1,45,0.6055555555555556,0.5333333333333334,0.6891220425792148,0.5
1,PSD sensorimotor,within-subject StratifiedKFold5,106,37,6,1,45,0.5777777777777778,0.4666666666666666,0.635351450521729,0.45999999999999996
1,PSD sensorimotor,within-subject StratifiedKFold5,106,38,6,1,45,0.6277777777777778,0.4222222222222222,0.661919504643963,0.33999999999999997
1,PSD sensorimotor,within-subject StratifiedKFold5,106,39,6,1,45,0.6222222222222222,0.48888888888888893,0.6811279287543478,0.51
1,PSD sensorimotor,within-subject StratifiedKFold5,106,40,6,1,45,0.6833333333333333,0.5333333333333334,0.7040982972136222,0.4800000000000001
1,PSD sensorimotor,within-subject StratifiedKFold5,106,41,6,1,45,0.7277777777777777,0.6444444444444445,0.8003173374613002,0.71
1,PSD sensorimotor,within-subject StratifiedKFold5,106,42,6,1,45,0.9166666666666667,0.7999999999999999,0.9579578030042425,0.8699999999999999
1,PSD sensorimotor,within-subject StratifiedKFold5,106,43,6,1,45,0.7333333333333333,0.6666666666666666,0.853533616175515,0.7200000000000001
1,PSD sensorimotor,within-subject StratifiedKFold5,106,44,6,1,45,0.6666666666666666,0.4666666666666666,0.7329969804686007,0.48
1,PSD sensorimotor,within-subject StratifiedKFold5,106,45,6,1,45,0.6166666666666667,0.3555555555555555,0.62609219126247,0.29000000000000004
1,PSD sensorimotor,within-subject StratifiedKFold5,106,46,6,1,45,0.7,0.5777777777777778,0.7589553950235065,0.5199999999999999
1,PSD sensorimotor,within-subject StratifiedKFold5,106,47,6,1,45,0.7222222222222222,0.5777777777777778,0.7848200464396285,0.61
1,PSD sensorimotor,within-subject StratifiedKFold5,106,48,6,1,45,0.6666666666666666,0.5777777777777777,0.7114130642510414,0.6500000000000001
1,PSD sensorimotor,within-subject StratifiedKFold5,106,49,6,1,45,0.6777777777777778,0.5111111111111111,0.7256430837442189,0.54
1,PSD sensorimotor,within-subject StratifiedKFold5,106,50,6,1,45,0.5777777777777777,0.37777777777777777,0.642816190803807,0.3
1,PSD sensorimotor,within-subject StratifiedKFold5,106,51,6,1,45,0.6611111111111111,0.5333333333333334,0.7364125386996904,0.4999999999999999
1,PSD sensorimotor,within-subject StratifiedKFold5,106,52,6,1,45,0.7777777777777777,0.711111111111111,0.8622832817337462,0.74
1,PSD sensorimotor,within-subject StratifiedKFold5,106,53,6,1,45,0.7055555555555555,0.5111111111111111,0.7985208118335054,0.64
1,PSD sensorimotor,within-subject StratifiedKFold5,106,54,6,1,45,0.8833333333333332,0.8222222222222222,0.9604517830524022,0.96
1,PSD sensorimotor,within-subject StratifiedKFold5,106,55,6,1,45,0.7555555555555556,0.5555555555555556,0.8139452662156481,0.65
1,PSD sensorimotor,within-subject StratifiedKFold5,106,56,6,1,45,0.6888888888888889,0.5111111111111111,0.7743798494056492,0.5700000000000001
1,PSD sensorimotor,within-subject StratifiedKFold5,106,57,6,1,45,0.7055555555555555,0.5333333333333334,0.7491834365325077,0.58
1,PSD sensorimotor,within-subject StratifiedKFold5,106,58,6,1,45,0.5888888888888888,0.3555555555555555,0.622219427244582,0.22999999999999998
1,PSD sensorimotor,within-subject StratifiedKFold5,106,59,6,1,45,0.6944444444444444,0.6,0.7011184210526314,0.58
1,PSD sensorimotor,within-subject StratifiedKFold5,106,60,6,1,45,0.8111111111111111,0.6888888888888889,0.8868822382754271,0.8400000000000001
1,PSD sensorimotor,within-subject StratifiedKFold5,106,61,6,1,45,0.6111111111111112,0.3555555555555555,0.6730401712341856,0.27999999999999997
1,PSD sensorimotor,within-subject StratifiedKFold5,106,62,6,1,45,0.7277777777777779,0.6,0.7929595229904828,0.69
1,PSD sensorimotor,within-subject StratifiedKFold5,106,63,6,1,45,0.5833333333333334,0.37777777777777777,0.6421797958949662,0.36
1,PSD sensorimotor,within-subject StratifiedKFold5,106,64,6,1,45,0.6833333333333333,0.5111111111111111,0.7571264763215227,0.6700000000000002
1,PSD sensorimotor,within-subject StratifiedKFold5,106,65,6,1,45,0.7055555555555555,0.5555555555555556,0.7604740712074303,0.6
1,PSD sensorimotor,within-subject StratifiedKFold5,106,66,6,1,45,0.6833333333333333,0.48888888888888893,0.7676375033444177,0.51
1,PSD sensorimotor,within-subject StratifiedKFold5,106,67,6,1,45,0.7166666666666667,0.6,0.7885697358865574,0.61
1,PSD sensorimotor,within-subject StratifiedKFold5,106,68,6,1,45,0.6499999999999999,0.4444444444444445,0.7132706493903604,0.43
1,PSD sensorimotor,within-subject StratifiedKFold5,106,69,6,1,45,0.75,0.5555555555555556,0.7909423374613003,0.5900000000000001
1,PSD sensorimotor,within-subject StratifiedKFold5,106,70,6,1,45,0.6722222222222223,0.6666666666666665,0.7688701601498298,0.6599999999999999
1,PSD sensorimotor,within-subject StratifiedKFold5,106,71,6,1,45,0.6611111111111111,0.5111111111111111,0.7453311929060122,0.5700000000000001
1,PSD sensorimotor,within-subject StratifiedKFold5,106,72,6,1,45,0.9055555555555553,0.8222222222222222,0.9641631311393952,0.9400000000000001
1,PSD sensorimotor,within-subject StratifiedKFold5,106,73,6,1,45,0.7833333333333334,0.6888888888888889,0.8046726292856323,0.7500000000000001
1,PSD sensorimotor,within-subject StratifiedKFold5,106,74,6,1,45,0.6888888888888889,0.6,0.7556424148606811,0.5599999999999999
1,PSD sensorimotor,within-subject StratifiedKFold5,106,75,6,1,45,0.6555555555555556,0.5111111111111112,0.7391373313457936,0.5199999999999999
1,PSD sensorimotor,within-subject StratifiedKFold5,106,76,6,1,45,0.7,0.6,0.7206436570729656,0.65
1,PSD sensorimotor,within-subject StratifiedKFold5,106,77,6,1,45,0.6055555555555555,0.2444444444444444,0.6483184984520124,0.13999999999999999
1,PSD sensorimotor,within-subject StratifiedKFold5,106,78,6,1,45,0.6222222222222222,0.3555555555555555,0.6792206551236479,0.27999999999999997
1,PSD sensorimotor,within-subject StratifiedKFold5,106,79,6,1,45,0.6944444444444444,0.5333333333333333,0.7515881206283682,0.5900000000000001
1,PSD sensorimotor,within-subject StratifiedKFold5,106,80,6,1,45,0.6722222222222222,0.5777777777777777,0.7639662882696939,0.64
1,PSD sensorimotor,within-subject StratifiedKFold5,106,81,6,1,45,0.5888888888888889,0.42222222222222217,0.6063161716928487,0.32
1,PSD sensorimotor,within-subject StratifiedKFold5,106,82,6,1,45,0.6666666666666666,0.33333333333333337,0.6884990253411306,0.32999999999999996
1,PSD sensorimotor,within-subject StratifiedKFold5,106,83,6,1,45,0.6777777777777778,0.6,0.7323452967931812,0.5900000000000001
1,PSD sensorimotor,within-subject StratifiedKFold5,106,84,6,1,45,0.6888888888888889,0.6,0.7447540419676641,0.59
1,PSD sensorimotor,within-subject StratifiedKFold5,106,85,6,1,45,0.8333333333333333,0.7555555555555554,0.8992336505752399,0.8300000000000001
1,PSD sensorimotor,within-subject StratifiedKFold5,106,86,6,1,45,0.5888888888888889,0.4666666666666666,0.6501586209532546,0.45
1,PSD sensorimotor,within-subject StratifiedKFold5,106,87,6,1,45,0.6388888888888888,0.4222222222222222,0.6767419638420671,0.53
1,PSD sensorimotor,within-subject StratifiedKFold5,106,89,6,1,45,0.5833333333333333,0.2444444444444444,0.6471033281733746,0.18
1,PSD sensorimotor,within-subject StratifiedKFold5,106,90,6,1,45,0.6833333333333333,0.4666666666666666,0.7280281313305048,0.64
1,PSD sensorimotor,within-subject StratifiedKFold5,106,91,6,1,45,0.5333333333333334,0.26666666666666666,0.600737682987425,0.26
1,PSD sensorimotor,within-subject StratifiedKFold5,106,93,6,1,45,0.7666666666666666,0.711111111111111,0.8417689102931621,0.68
1,PSD sensorimotor,within-subject StratifiedKFold5,106,94,6,1,45,0.7777777777777778,0.6888888888888889,0.8708309444635554,0.75
1,PSD sensorimotor,within-subject StratifiedKFold5,106,95,6,1,45,0.5888888888888888,0.31111111111111106,0.6520945610212896,0.22000000000000003
1,PSD sensorimotor,within-subject StratifiedKFold5,106,96,6,1,45,0.6777777777777777,0.5111111111111112,0.7799640713985398,0.63
1,PSD sensorimotor,within-subject StratifiedKFold5,106,97,6,1,45,0.7722222222222223,0.6444444444444445,0.8176986584107325,0.73
1,PSD sensorimotor,within-subject StratifiedKFold5,106,98,6,1,45,0.6,0.5333333333333333,0.6476856629591408,0.44000000000000006
1,PSD sensorimotor,within-subject StratifiedKFold5,106,99,6,1,45,0.6611111111111111,0.5111111111111111,0.7602071627871421,0.5799999999999998
1,PSD sensorimotor,within-subject StratifiedKFold5,106,101,6,1,45,0.6833333333333333,0.5111111111111111,0.7323854298054504,0.5599999999999999
1,PSD sensorimotor,within-subject StratifiedKFold5,106,102,6,1,45,0.6444444444444445,0.4666666666666667,0.6860088674846156,0.45
1,PSD sensorimotor,within-subject StratifiedKFold5,106,103,6,1,45,0.6611111111111111,0.5777777777777777,0.7120131483392577,0.5900000000000001
1,PSD sensorimotor,within-subject StratifiedKFold5,106,104,6,1,42,0.6429590017825312,0.5444444444444445,0.6909602076124568,0.5425
1,PSD sensorimotor,within-subject StratifiedKFold5,106,105,6,1,45,0.6555555555555556,0.5555555555555556,0.7224725757749494,0.5199999999999999
1,PSD sensorimotor,within-subject StratifiedKFold5,106,106,6,1,45,0.6,0.4444444444444445,0.6327573529411764,0.22999999999999998
1,PSD sensorimotor,within-subject StratifiedKFold5,106,107,6,1,45,0.6277777777777778,0.4888888888888888,0.6370568885448916,0.39
1,PSD sensorimotor,within-subject StratifiedKFold5,106,108,6,1,45,0.711111111111111,0.48888888888888893,0.7916580667354661,0.6000000000000001
1,PSD sensorimotor,within-subject StratifiedKFold5,106,109,6,1,45,0.6722222222222223,0.39999999999999997,0.7298914497572909,0.4
